{
  "Random Forest": {
    "accuracy": 0.948,
    "precision": 0.9484848484848485,
    "recall": 0.8994252873563219,
    "f1": 0.9233038348082596,
    "roc_auc": 0.92870742542839
  },
  "Decision Tree": {
    "accuracy": 0.934,
    "precision": 0.9462025316455697,
    "recall": 0.8591954022988506,
    "f1": 0.9006024096385542,
    "roc_auc": 0.8981758162329878
  },
  "XGBoost": {
    "accuracy": 0.941,
    "precision": 0.9501557632398754,
    "recall": 0.8764367816091954,
    "f1": 0.9118086696562033,
    "roc_auc": 0.9332381355334601
  }
}