{
  "Random Forest": {
    "accuracy": 0.948,
    "precision": 0.9484848484848485,
    "recall": 0.8994252873563219,
    "f1": 0.9233038348082596,
    "roc_auc": 0.9234715464353713
  },
  "Decision Tree": {
    "accuracy": 0.929,
    "precision": 0.9453376205787781,
    "recall": 0.8448275862068966,
    "f1": 0.8922610015174507,
    "roc_auc": 0.904903568154573
  },
  "XGBoost": {
    "accuracy": 0.944,
    "precision": 0.9506172839506173,
    "recall": 0.8850574712643678,
    "f1": 0.9166666666666666,
    "roc_auc": 0.9303822015372684
  }
}